Date,Open,High,Low,Close,Volume,Adj Close
2024-02-20 00:00:00-05:00,181.7899932861328,182.42999267578125,180.0,181.55999755859375,53665600,179.9225616455078
2024-02-21 00:00:00-05:00,181.94000244140625,182.88999938964844,180.66000366210938,182.32000732421875,41371400,180.67568969726562
2024-02-22 00:00:00-05:00,183.47999572753906,184.9600067138672,182.4600067138672,184.3699951171875,52292200,182.70718383789062
2024-02-23 00:00:00-05:00,185.00999450683594,185.0399932861328,182.22999572753906,182.52000427246094,45119700,180.87391662597656
2024-02-26 00:00:00-05:00,182.24000549316406,182.75999450683594,180.64999389648438,181.16000366210938,40867400,179.52615356445312
2024-02-27 00:00:00-05:00,181.10000610351562,183.9199981689453,179.55999755859375,182.6300048828125,54318900,180.98289489746094
2024-02-28 00:00:00-05:00,182.50999450683594,183.1199951171875,180.1300048828125,181.4199981689453,48953900,179.78379821777344
2024-02-29 00:00:00-05:00,181.27000427246094,182.57000732421875,179.52999877929688,180.75,136682600,179.11984252929688
2024-03-01 00:00:00-05:00,179.5500030517578,180.52999877929688,177.3800048828125,179.66000366210938,73563100,178.03970336914062
2024-03-04 00:00:00-05:00,176.14999389648438,176.89999389648438,173.7899932861328,175.10000610351562,81510100,173.52084350585938
2024-03-05 00:00:00-05:00,170.75999450683594,172.0399932861328,169.6199951171875,170.1199951171875,95132400,168.58572387695312
2024-03-06 00:00:00-05:00,171.05999755859375,171.24000549316406,168.67999267578125,169.1199951171875,68587700,167.59474182128906
2024-03-07 00:00:00-05:00,169.14999389648438,170.72999572753906,168.49000549316406,169.0,71765100,167.475830078125
2024-03-08 00:00:00-05:00,169.0,173.6999969482422,168.94000244140625,170.72999572753906,76267000,169.1902313232422
2024-03-11 00:00:00-04:00,172.94000244140625,174.3800048828125,172.0500030517578,172.75,60139500,171.19200134277344
2024-03-12 00:00:00-04:00,173.14999389648438,174.02999877929688,171.00999450683594,173.22999572753906,59825400,171.6676788330078
2024-03-13 00:00:00-04:00,172.77000427246094,173.19000244140625,170.75999450683594,171.1300048828125,52488700,169.58663940429688
2024-03-14 00:00:00-04:00,172.91000366210938,174.30999755859375,172.0500030517578,173.0,72913500,171.43972778320312
2024-03-15 00:00:00-04:00,171.1699981689453,172.6199951171875,170.2899932861328,172.6199951171875,121752700,171.0631866455078
2024-03-18 00:00:00-04:00,175.57000732421875,177.7100067138672,173.52000427246094,173.72000122070312,75604200,172.1532745361328
2024-03-19 00:00:00-04:00,174.33999633789062,176.61000061035156,173.02999877929688,176.0800018310547,55215200,174.49195861816406
2024-03-20 00:00:00-04:00,175.72000122070312,178.6699981689453,175.08999633789062,178.6699981689453,53423100,177.05860900878906
2024-03-21 00:00:00-04:00,177.0500030517578,177.49000549316406,170.83999633789062,171.3699951171875,106181300,169.82443237304688
2024-03-22 00:00:00-04:00,171.75999450683594,173.0500030517578,170.05999755859375,172.27999877929688,71160100,170.7262420654297
2024-03-25 00:00:00-04:00,170.57000732421875,171.94000244140625,169.4499969482422,170.85000610351562,54288300,169.30914306640625
2024-03-26 00:00:00-04:00,170.0,171.4199981689453,169.5800018310547,169.7100067138672,57388400,168.179443359375
2024-03-27 00:00:00-04:00,170.41000366210938,173.60000610351562,170.11000061035156,173.30999755859375,60273300,171.7469482421875
2024-03-28 00:00:00-04:00,171.75,172.22999572753906,170.50999450683594,171.47999572753906,65672700,169.93344116210938
2024-04-01 00:00:00-04:00,171.19000244140625,171.25,169.47999572753906,170.02999877929688,46240500,168.49655151367188
2024-04-02 00:00:00-04:00,169.0800018310547,169.33999633789062,168.22999572753906,168.83999633789062,49329500,167.31727600097656
2024-04-03 00:00:00-04:00,168.7899932861328,170.67999267578125,168.5800018310547,169.64999389648438,47691700,168.11996459960938
2024-04-04 00:00:00-04:00,170.2899932861328,171.9199981689453,168.82000732421875,168.82000732421875,53704400,167.2974395751953
2024-04-05 00:00:00-04:00,169.58999633789062,170.38999938964844,168.9499969482422,169.5800018310547,42104800,168.0506134033203
2024-04-08 00:00:00-04:00,169.02999877929688,169.1999969482422,168.24000549316406,168.4499969482422,37425500,166.9307861328125
2024-04-09 00:00:00-04:00,168.6999969482422,170.0800018310547,168.35000610351562,169.6699981689453,42373800,168.13978576660156
2024-04-10 00:00:00-04:00,168.8000030517578,169.08999633789062,167.11000061035156,167.77999877929688,49709300,166.26683044433594
2024-04-11 00:00:00-04:00,168.33999633789062,175.4600067138672,168.16000366210938,175.0399932861328,91070300,173.4613494873047
2024-04-12 00:00:00-04:00,174.25999450683594,178.36000061035156,174.2100067138672,176.5500030517578,101670900,174.9577178955078
2024-04-15 00:00:00-04:00,175.36000061035156,176.6300048828125,172.5,172.69000244140625,73531800,171.13255310058594
2024-04-16 00:00:00-04:00,171.75,173.75999450683594,168.27000427246094,169.3800048828125,73711200,167.85240173339844
2024-04-17 00:00:00-04:00,169.61000061035156,170.64999389648438,168.0,168.0,50901200,166.4848175048828
2024-04-18 00:00:00-04:00,168.02999877929688,168.63999938964844,166.5500030517578,167.0399932861328,43122900,165.5334930419922
2024-04-19 00:00:00-04:00,166.2100067138672,166.39999389648438,164.0800018310547,165.0,68149400,163.51190185546875
2024-04-22 00:00:00-04:00,165.52000427246094,167.25999450683594,164.77000427246094,165.83999633789062,48116400,164.3443145751953
2024-04-23 00:00:00-04:00,165.35000610351562,167.0500030517578,164.9199981689453,166.89999389648438,49537800,165.39474487304688
2024-04-24 00:00:00-04:00,166.5399932861328,169.3000030517578,166.2100067138672,169.02000427246094,48251800,167.49566650390625
2024-04-25 00:00:00-04:00,169.52999877929688,170.61000061035156,168.14999389648438,169.88999938964844,50558300,168.35780334472656
2024-04-26 00:00:00-04:00,169.8800048828125,171.33999633789062,169.17999267578125,169.3000030517578,44838400,167.77313232421875
2024-04-29 00:00:00-04:00,173.3699951171875,176.02999877929688,173.10000610351562,173.5,68169400,171.9352264404297
2024-04-30 00:00:00-04:00,173.3300018310547,174.99000549316406,170.0,170.3300018310547,65934800,168.79383850097656
2024-05-01 00:00:00-04:00,169.5800018310547,172.7100067138672,169.11000061035156,169.3000030517578,50383100,167.77313232421875
2024-05-02 00:00:00-04:00,172.50999450683594,173.4199981689453,170.88999938964844,173.02999877929688,94214900,171.46949768066406
2024-05-03 00:00:00-04:00,186.64999389648438,187.0,182.66000366210938,183.3800048828125,163224100,181.72613525390625
2024-05-06 00:00:00-04:00,182.35000610351562,184.1999969482422,180.4199981689453,181.7100067138672,78569700,180.07119750976562
2024-05-07 00:00:00-04:00,183.4499969482422,184.89999389648438,181.32000732421875,182.39999389648438,77305800,180.75494384765625
2024-05-08 00:00:00-04:00,182.85000610351562,183.07000732421875,181.4499969482422,182.74000549316406,45057100,181.09190368652344
2024-05-09 00:00:00-04:00,182.55999755859375,184.66000366210938,182.11000061035156,184.57000732421875,48983000,182.90542602539062
2024-05-10 00:00:00-04:00,184.89999389648438,185.08999633789062,182.1300048828125,183.0500030517578,50759500,181.64515686035156
2024-05-13 00:00:00-04:00,185.44000244140625,187.10000610351562,184.6199951171875,186.27999877929688,72044800,184.85035705566406
2024-05-14 00:00:00-04:00,187.50999450683594,188.3000030517578,186.2899932861328,187.42999267578125,52393600,185.99154663085938
2024-05-15 00:00:00-04:00,187.91000366210938,190.64999389648438,187.3699951171875,189.72000122070312,70400000,188.2639617919922
2024-05-16 00:00:00-04:00,190.47000122070312,191.10000610351562,189.66000366210938,189.83999633789062,52845200,188.38302612304688
2024-05-17 00:00:00-04:00,189.50999450683594,190.80999755859375,189.17999267578125,189.8699951171875,41282900,188.41282653808594
2024-05-20 00:00:00-04:00,189.3300018310547,191.9199981689453,189.00999450683594,191.0399932861328,44361300,189.57383728027344
2024-05-21 00:00:00-04:00,191.08999633789062,192.72999572753906,190.9199981689453,192.35000610351562,42309400,190.87379455566406
2024-05-22 00:00:00-04:00,192.27000427246094,192.82000732421875,190.27000427246094,190.89999389648438,34648500,189.4348907470703
2024-05-23 00:00:00-04:00,190.97999572753906,191.0,186.6300048828125,186.8800048828125,51005900,185.44577026367188
2024-05-24 00:00:00-04:00,188.82000732421875,190.5800018310547,188.0399932861328,189.97999572753906,36327000,188.52197265625
2024-05-28 00:00:00-04:00,191.50999450683594,193.0,189.10000610351562,189.99000549316406,52280100,188.5319061279297
2024-05-29 00:00:00-04:00,189.61000061035156,192.25,189.50999450683594,190.2899932861328,53068000,188.82958984375
2024-05-30 00:00:00-04:00,190.75999450683594,192.17999267578125,190.6300048828125,191.2899932861328,49889100,189.8218994140625
2024-05-31 00:00:00-04:00,191.44000244140625,192.57000732421875,189.91000366210938,192.25,75158300,190.7745361328125
2024-06-03 00:00:00-04:00,192.89999389648438,194.99000549316406,192.52000427246094,194.02999877929688,50080500,192.5408935546875
2024-06-04 00:00:00-04:00,194.63999938964844,195.32000732421875,193.02999877929688,194.35000610351562,47471400,192.8584442138672
2024-06-05 00:00:00-04:00,195.39999389648438,196.89999389648438,194.8699951171875,195.8699951171875,54156800,194.36676025390625
2024-06-06 00:00:00-04:00,195.69000244140625,196.5,194.1699981689453,194.47999572753906,41181800,192.9874267578125
2024-06-07 00:00:00-04:00,194.64999389648438,196.94000244140625,194.13999938964844,196.88999938964844,53103900,195.37893676757812
2024-06-10 00:00:00-04:00,196.89999389648438,197.3000030517578,192.14999389648438,193.1199951171875,97010200,191.63787841796875
2024-06-11 00:00:00-04:00,193.64999389648438,207.16000366210938,193.6300048828125,207.14999389648438,172373300,205.5601806640625
2024-06-12 00:00:00-04:00,207.3699951171875,220.1999969482422,206.89999389648438,213.07000732421875,198134300,211.4347686767578
2024-06-13 00:00:00-04:00,214.74000549316406,216.75,211.60000610351562,214.24000549316406,97862700,212.5957794189453
2024-06-14 00:00:00-04:00,213.85000610351562,215.1699981689453,211.3000030517578,212.49000549316406,70122700,210.85923767089844
2024-06-17 00:00:00-04:00,213.3699951171875,218.9499969482422,212.72000122070312,216.6699981689453,93728300,215.00714111328125
2024-06-18 00:00:00-04:00,217.58999633789062,218.6300048828125,213.0,214.2899932861328,79943300,212.6453857421875
2024-06-20 00:00:00-04:00,213.92999267578125,214.24000549316406,208.85000610351562,209.67999267578125,86172500,208.07078552246094
2024-06-21 00:00:00-04:00,210.38999938964844,211.88999938964844,207.11000061035156,207.49000549316406,241805100,205.89759826660156
2024-06-24 00:00:00-04:00,207.72000122070312,212.6999969482422,206.58999633789062,208.13999938964844,80727000,206.5426025390625
2024-06-25 00:00:00-04:00,209.14999389648438,211.3800048828125,208.61000061035156,209.07000732421875,55549700,207.46546936035156
2024-06-26 00:00:00-04:00,211.5,214.86000061035156,210.63999938964844,213.25,66213200,211.61338806152344
2024-06-27 00:00:00-04:00,214.69000244140625,215.74000549316406,212.35000610351562,214.10000610351562,49772700,212.45684814453125
2024-06-28 00:00:00-04:00,215.77000427246094,216.07000732421875,210.3000030517578,210.6199951171875,82542700,209.0035400390625
2024-07-01 00:00:00-04:00,212.08999633789062,217.50999450683594,211.9199981689453,216.75,60402900,215.08653259277344
2024-07-02 00:00:00-04:00,216.14999389648438,220.3800048828125,215.10000610351562,220.27000427246094,58046200,218.5795135498047
2024-07-03 00:00:00-04:00,220.0,221.5500030517578,219.02999877929688,221.5500030517578,37369800,219.8496856689453
2024-07-05 00:00:00-04:00,221.64999389648438,226.4499969482422,221.64999389648438,226.33999633789062,60412400,224.60292053222656
2024-07-08 00:00:00-04:00,227.08999633789062,227.85000610351562,223.25,227.82000732421875,59085900,226.07156372070312
2024-07-09 00:00:00-04:00,227.92999267578125,229.39999389648438,226.3699951171875,228.67999267578125,48076100,226.9249725341797
2024-07-10 00:00:00-04:00,229.3000030517578,233.0800018310547,229.25,232.97999572753906,62627700,231.1919403076172
2024-07-11 00:00:00-04:00,231.38999938964844,232.38999938964844,225.77000427246094,227.57000732421875,64710600,225.82350158691406
2024-07-12 00:00:00-04:00,228.9199981689453,232.63999938964844,228.67999267578125,230.5399932861328,53046500,228.77066040039062
2024-07-15 00:00:00-04:00,236.47999572753906,237.22999572753906,233.08999633789062,234.39999389648438,62631300,232.6010284423828
2024-07-16 00:00:00-04:00,235.0,236.27000427246094,232.3300018310547,234.82000732421875,43234300,233.01785278320312
2024-07-17 00:00:00-04:00,229.4499969482422,231.4600067138672,226.63999938964844,228.8800048828125,57345900,227.1234130859375
2024-07-18 00:00:00-04:00,230.27999877929688,230.44000244140625,222.27000427246094,224.17999267578125,66034600,222.45948791503906
2024-07-19 00:00:00-04:00,224.82000732421875,226.8000030517578,223.27999877929688,224.30999755859375,49151500,222.58851623535156
2024-07-22 00:00:00-04:00,227.00999450683594,227.77999877929688,223.08999633789062,223.9600067138672,48201800,222.24118041992188
2024-07-23 00:00:00-04:00,224.3699951171875,226.94000244140625,222.67999267578125,225.00999450683594,39960300,223.2831268310547
2024-07-24 00:00:00-04:00,224.0,224.8000030517578,217.1300048828125,218.5399932861328,61777600,216.86279296875
2024-07-25 00:00:00-04:00,218.92999267578125,220.85000610351562,214.6199951171875,217.49000549316406,51391200,215.82083129882812
2024-07-26 00:00:00-04:00,218.6999969482422,219.49000549316406,216.00999450683594,217.9600067138672,41601300,216.28724670410156
2024-07-29 00:00:00-04:00,216.9600067138672,219.3000030517578,215.75,218.24000549316406,36311800,216.56507873535156
2024-07-30 00:00:00-04:00,219.19000244140625,220.3300018310547,216.1199951171875,218.8000030517578,41643800,217.1207733154297
2024-07-31 00:00:00-04:00,221.44000244140625,223.82000732421875,220.6300048828125,222.0800018310547,50036300,220.37562561035156
2024-08-01 00:00:00-04:00,224.3699951171875,224.47999572753906,217.02000427246094,218.36000061035156,62501000,216.6841583251953
2024-08-02 00:00:00-04:00,219.14999389648438,225.60000610351562,217.7100067138672,219.86000061035156,105568600,218.17263793945312
2024-08-05 00:00:00-04:00,199.08999633789062,213.5,196.0,209.27000427246094,119548600,207.66392517089844
2024-08-06 00:00:00-04:00,205.3000030517578,209.99000549316406,201.07000732421875,207.22999572753906,69660500,205.6395721435547
2024-08-07 00:00:00-04:00,206.89999389648438,213.63999938964844,206.38999938964844,209.82000732421875,63516400,208.209716796875
2024-08-08 00:00:00-04:00,213.11000061035156,214.1999969482422,208.8300018310547,213.30999755859375,47161100,211.67291259765625
2024-08-09 00:00:00-04:00,212.10000610351562,216.77999877929688,211.97000122070312,216.24000549316406,42201600,214.5804443359375
2024-08-12 00:00:00-04:00,216.07000732421875,219.50999450683594,215.60000610351562,217.52999877929688,38028100,216.11038208007812
2024-08-13 00:00:00-04:00,219.00999450683594,221.88999938964844,219.00999450683594,221.27000427246094,44155300,219.8260040283203
2024-08-14 00:00:00-04:00,220.57000732421875,223.02999877929688,219.6999969482422,221.72000122070312,41960600,220.27304077148438
2024-08-15 00:00:00-04:00,224.60000610351562,225.35000610351562,222.75999450683594,224.72000122070312,46414000,223.2534637451172
2024-08-16 00:00:00-04:00,223.9199981689453,226.8300018310547,223.64999389648438,226.0500030517578,44340200,224.57479858398438
2024-08-19 00:00:00-04:00,225.72000122070312,225.99000549316406,223.0399932861328,225.88999938964844,40687800,224.41583251953125
2024-08-20 00:00:00-04:00,225.77000427246094,227.1699981689453,225.4499969482422,226.50999450683594,30299000,225.03179931640625
2024-08-21 00:00:00-04:00,226.52000427246094,227.97999572753906,225.0500030517578,226.39999389648438,34765500,224.9224853515625
2024-08-22 00:00:00-04:00,227.7899932861328,228.33999633789062,223.89999389648438,224.52999877929688,43695300,223.06471252441406
2024-08-23 00:00:00-04:00,225.66000366210938,228.22000122070312,224.3300018310547,226.83999633789062,38677300,225.35963439941406
2024-08-26 00:00:00-04:00,226.75999450683594,227.27999877929688,223.88999938964844,227.17999267578125,30602200,225.69740295410156
2024-08-27 00:00:00-04:00,226.0,228.85000610351562,224.88999938964844,228.02999877929688,35934600,226.5418701171875
2024-08-28 00:00:00-04:00,227.9199981689453,229.86000061035156,225.67999267578125,226.49000549316406,38052200,225.0119171142578
2024-08-29 00:00:00-04:00,230.10000610351562,232.9199981689453,228.8800048828125,229.7899932861328,51906300,228.29039001464844
2024-08-30 00:00:00-04:00,230.19000244140625,230.39999389648438,227.47999572753906,229.0,52990800,227.5055389404297
2024-09-03 00:00:00-04:00,228.5500030517578,229.0,221.1699981689453,222.77000427246094,50190600,221.31619262695312
2024-09-04 00:00:00-04:00,221.66000366210938,221.77999877929688,217.47999572753906,220.85000610351562,43840200,219.4087371826172
2024-09-05 00:00:00-04:00,221.6300048828125,225.47999572753906,221.52000427246094,222.3800048828125,36615400,220.92874145507812
2024-09-06 00:00:00-04:00,223.9499969482422,225.24000549316406,219.77000427246094,220.82000732421875,48423000,219.37892150878906
2024-09-09 00:00:00-04:00,220.82000732421875,221.27000427246094,216.7100067138672,220.91000366210938,67180000,219.46835327148438
2024-09-10 00:00:00-04:00,218.9199981689453,221.47999572753906,216.72999572753906,220.11000061035156,51591000,218.67355346679688
2024-09-11 00:00:00-04:00,221.4600067138672,223.08999633789062,217.88999938964844,222.66000366210938,44587100,221.20692443847656
2024-09-12 00:00:00-04:00,222.5,223.5500030517578,219.82000732421875,222.77000427246094,37455600,221.31619262695312
2024-09-13 00:00:00-04:00,223.5800018310547,224.0399932861328,221.91000366210938,222.5,36766600,221.0479278564453
2024-09-16 00:00:00-04:00,216.5399932861328,217.22000122070312,213.9199981689453,216.32000732421875,59357400,214.90830993652344
2024-09-17 00:00:00-04:00,215.75,216.89999389648438,214.5,216.7899932861328,45519300,215.37521362304688
2024-09-18 00:00:00-04:00,217.5500030517578,222.7100067138672,217.5399932861328,220.69000244140625,59894900,219.24977111816406
2024-09-19 00:00:00-04:00,224.99000549316406,229.82000732421875,224.6300048828125,228.8699951171875,66781300,227.37637329101562
2024-09-20 00:00:00-04:00,229.97000122070312,233.08999633789062,227.6199951171875,228.1999969482422,318679900,226.7107391357422
2024-09-23 00:00:00-04:00,227.33999633789062,229.4499969482422,225.80999755859375,226.47000122070312,54146000,224.99203491210938
2024-09-24 00:00:00-04:00,228.64999389648438,229.35000610351562,225.72999572753906,227.3699951171875,43556100,225.88616943359375
2024-09-25 00:00:00-04:00,224.92999267578125,227.2899932861328,224.02000427246094,226.3699951171875,42308700,224.8927001953125
2024-09-26 00:00:00-04:00,227.3000030517578,228.5,225.41000366210938,227.52000427246094,36636700,226.03518676757812
2024-09-27 00:00:00-04:00,228.4600067138672,229.52000427246094,227.3000030517578,227.7899932861328,34026000,226.3034210205078
2024-09-30 00:00:00-04:00,230.0399932861328,233.0,229.64999389648438,233.0,54541900,231.4794464111328
2024-10-01 00:00:00-04:00,229.52000427246094,229.64999389648438,223.74000549316406,226.2100067138672,63285000,224.73373413085938
2024-10-02 00:00:00-04:00,225.88999938964844,227.3699951171875,223.02000427246094,226.77999877929688,32880600,225.30001831054688
2024-10-03 00:00:00-04:00,225.13999938964844,226.80999755859375,223.32000732421875,225.6699981689453,34044200,224.19725036621094
2024-10-04 00:00:00-04:00,227.89999389648438,228.0,224.1300048828125,226.8000030517578,37245100,225.31991577148438
2024-10-07 00:00:00-04:00,224.5,225.69000244140625,221.3300018310547,221.69000244140625,39505400,220.2432403564453
2024-10-08 00:00:00-04:00,224.3000030517578,225.97999572753906,223.25,225.77000427246094,31855700,224.296630859375
2024-10-09 00:00:00-04:00,225.22999572753906,229.75,224.8300018310547,229.5399932861328,33591100,228.0419921875
2024-10-10 00:00:00-04:00,227.77999877929688,229.5,227.1699981689453,229.0399932861328,28183500,227.5452880859375
2024-10-11 00:00:00-04:00,229.3000030517578,229.41000366210938,227.33999633789062,227.5500030517578,31759200,226.06500244140625
2024-10-14 00:00:00-04:00,228.6999969482422,231.72999572753906,228.60000610351562,231.3000030517578,39882100,229.79052734375
2024-10-15 00:00:00-04:00,233.61000061035156,237.49000549316406,232.3699951171875,233.85000610351562,64751400,232.3238983154297
2024-10-16 00:00:00-04:00,231.60000610351562,232.1199951171875,229.83999633789062,231.77999877929688,34082200,230.26739501953125
2024-10-17 00:00:00-04:00,233.42999267578125,233.85000610351562,230.52000427246094,232.14999389648438,32993800,230.6349639892578
2024-10-18 00:00:00-04:00,236.17999267578125,236.17999267578125,234.00999450683594,235.0,46431500,233.4663848876953
2024-10-21 00:00:00-04:00,234.4499969482422,236.85000610351562,234.4499969482422,236.47999572753906,36254500,234.9367218017578
2024-10-22 00:00:00-04:00,233.88999938964844,236.22000122070312,232.60000610351562,235.86000061035156,38846600,234.3207550048828
2024-10-23 00:00:00-04:00,234.0800018310547,235.13999938964844,227.75999450683594,230.75999450683594,52287000,229.2540283203125
2024-10-24 00:00:00-04:00,229.97999572753906,230.82000732421875,228.41000366210938,230.57000732421875,31109500,229.06529235839844
2024-10-25 00:00:00-04:00,229.74000549316406,233.22000122070312,229.57000732421875,231.41000366210938,38802300,229.89981079101562
2024-10-28 00:00:00-04:00,233.32000732421875,234.72999572753906,232.5500030517578,233.39999389648438,36087100,231.87680053710938
2024-10-29 00:00:00-04:00,233.10000610351562,234.3300018310547,232.32000732421875,233.6699981689453,35417200,232.14505004882812
2024-10-30 00:00:00-04:00,232.61000061035156,233.47000122070312,229.5500030517578,230.10000610351562,47070900,228.59837341308594
2024-10-31 00:00:00-04:00,229.33999633789062,229.8300018310547,225.3699951171875,225.91000366210938,64370100,224.4357147216797
2024-11-01 00:00:00-04:00,220.97000122070312,225.35000610351562,220.27000427246094,222.91000366210938,65276700,221.4552764892578
2024-11-04 00:00:00-05:00,220.99000549316406,222.7899932861328,219.7100067138672,222.00999450683594,44944500,220.56114196777344
2024-11-05 00:00:00-05:00,221.8000030517578,223.9499969482422,221.13999938964844,223.4499969482422,28111300,221.9917449951172
2024-11-06 00:00:00-05:00,222.61000061035156,226.07000732421875,221.19000244140625,222.72000122070312,54561100,221.26651000976562
2024-11-07 00:00:00-05:00,224.6300048828125,227.8800048828125,224.57000732421875,227.47999572753906,42137700,225.99545288085938
2024-11-08 00:00:00-05:00,227.1699981689453,228.66000366210938,226.41000366210938,226.9600067138672,38328800,225.7269287109375
2024-11-11 00:00:00-05:00,225.0,225.6999969482422,221.5,224.22999572753906,42005600,223.01173400878906
2024-11-12 00:00:00-05:00,224.5500030517578,225.58999633789062,223.36000061035156,224.22999572753906,40398300,223.01173400878906
2024-11-13 00:00:00-05:00,224.00999450683594,226.64999389648438,222.75999450683594,225.1199951171875,48566200,223.89691162109375
2024-11-14 00:00:00-05:00,225.02000427246094,228.8699951171875,225.0,228.22000122070312,44923900,226.98007202148438
2024-11-15 00:00:00-05:00,226.39999389648438,226.9199981689453,224.27000427246094,225.0,47923700,223.77755737304688
2024-11-18 00:00:00-05:00,225.25,229.74000549316406,225.1699981689453,228.02000427246094,44633700,226.78115844726562
2024-11-19 00:00:00-05:00,226.97999572753906,230.16000366210938,226.66000366210938,228.27999877929688,36211800,227.0397491455078
2024-11-20 00:00:00-05:00,228.05999755859375,229.92999267578125,225.88999938964844,229.0,35169600,227.75584411621094
2024-11-21 00:00:00-05:00,228.8800048828125,230.16000366210938,225.7100067138672,228.52000427246094,42108300,227.27845764160156
2024-11-22 00:00:00-05:00,228.05999755859375,230.72000122070312,228.05999755859375,229.8699951171875,38168300,228.62110900878906
2024-11-25 00:00:00-05:00,231.4600067138672,233.25,229.74000549316406,232.8699951171875,90152800,231.6048126220703
2024-11-26 00:00:00-05:00,233.3300018310547,235.57000732421875,233.3300018310547,235.05999755859375,45986200,233.7829132080078
2024-11-27 00:00:00-05:00,234.47000122070312,235.69000244140625,233.80999755859375,234.92999267578125,33498400,233.6536102294922
2024-11-29 00:00:00-05:00,234.80999755859375,237.80999755859375,233.97000122070312,237.3300018310547,28481400,236.0406036376953
2024-12-02 00:00:00-05:00,237.27000427246094,240.7899932861328,237.16000366210938,239.58999633789062,48137100,238.2882843017578
2024-12-03 00:00:00-05:00,239.80999755859375,242.75999450683594,238.89999389648438,242.64999389648438,38861000,241.3316650390625
2024-12-04 00:00:00-05:00,242.8699951171875,244.11000061035156,241.25,243.00999450683594,44383900,241.68971252441406
2024-12-05 00:00:00-05:00,243.99000549316406,244.5399932861328,242.1300048828125,243.0399932861328,40033900,241.71954345703125
2024-12-06 00:00:00-05:00,242.91000366210938,244.6300048828125,242.0800018310547,242.83999633789062,36870600,241.52064514160156
2024-12-09 00:00:00-05:00,241.8300018310547,247.24000549316406,241.75,246.75,44649200,245.40939331054688
2024-12-10 00:00:00-05:00,246.88999938964844,248.2100067138672,245.33999633789062,247.77000427246094,36914800,246.42385864257812
2024-12-11 00:00:00-05:00,247.9600067138672,250.8000030517578,246.25999450683594,246.49000549316406,45205800,245.1508331298828
2024-12-12 00:00:00-05:00,246.88999938964844,248.74000549316406,245.67999267578125,247.9600067138672,32777500,246.6128387451172
2024-12-13 00:00:00-05:00,247.82000732421875,249.2899932861328,246.24000549316406,248.1300048828125,33155300,246.78189086914062
2024-12-16 00:00:00-05:00,247.99000549316406,251.3800048828125,247.64999389648438,251.0399932861328,51694800,249.67608642578125
2024-12-17 00:00:00-05:00,250.0800018310547,253.8300018310547,249.77999877929688,253.47999572753906,51356400,252.10281372070312
2024-12-18 00:00:00-05:00,252.16000366210938,254.27999877929688,247.74000549316406,248.0500030517578,56774100,246.70233154296875
2024-12-19 00:00:00-05:00,247.5,252.0,247.08999633789062,249.7899932861328,60882300,248.43287658691406
2024-12-20 00:00:00-05:00,248.0399932861328,255.0,245.69000244140625,254.49000549316406,147495300,253.1073760986328
2024-12-23 00:00:00-05:00,254.77000427246094,255.64999389648438,253.4499969482422,255.27000427246094,40858800,253.8831329345703
2024-12-24 00:00:00-05:00,255.49000549316406,258.2099914550781,255.2899932861328,258.20001220703125,23234700,256.7972106933594
2024-12-26 00:00:00-05:00,258.19000244140625,260.1000061035156,257.6300048828125,259.0199890136719,27237100,257.6127014160156
2024-12-27 00:00:00-05:00,257.8299865722656,258.70001220703125,253.05999755859375,255.58999633789062,42355300,254.2013702392578
2024-12-30 00:00:00-05:00,252.22999572753906,253.5,250.75,252.1999969482422,35557500,250.8297882080078
2024-12-31 00:00:00-05:00,252.44000244140625,253.27999877929688,249.42999267578125,250.4199981689453,39480700,249.0594482421875
2025-01-02 00:00:00-05:00,248.92999267578125,249.10000610351562,241.82000732421875,243.85000610351562,55740700,242.525146484375
2025-01-03 00:00:00-05:00,243.36000061035156,244.17999267578125,241.88999938964844,243.36000061035156,40244100,242.03781127929688
2025-01-06 00:00:00-05:00,244.30999755859375,247.3300018310547,243.1999969482422,245.0,45045600,243.6688995361328
2025-01-07 00:00:00-05:00,242.97999572753906,245.5500030517578,241.35000610351562,242.2100067138672,40856000,240.89407348632812
2025-01-08 00:00:00-05:00,241.9199981689453,243.7100067138672,240.0500030517578,242.6999969482422,37628900,241.3814239501953
2025-01-10 00:00:00-05:00,240.00999450683594,240.16000366210938,233.0,236.85000610351562,61710900,235.5631866455078
2025-01-13 00:00:00-05:00,233.52999877929688,234.6699981689453,229.72000122070312,234.39999389648438,49630700,233.12648010253906
2025-01-14 00:00:00-05:00,234.75,236.1199951171875,232.47000122070312,233.27999877929688,39435300,232.01258850097656
2025-01-15 00:00:00-05:00,234.63999938964844,238.9600067138672,234.42999267578125,237.8699951171875,39832000,236.57763671875
2025-01-16 00:00:00-05:00,237.35000610351562,238.00999450683594,228.02999877929688,228.25999450683594,71759100,227.0198516845703
2025-01-17 00:00:00-05:00,232.1199951171875,232.2899932861328,228.47999572753906,229.97999572753906,68488300,228.7305145263672
2025-01-21 00:00:00-05:00,224.0,224.4199981689453,219.3800048828125,222.63999938964844,98070400,221.43038940429688
2025-01-22 00:00:00-05:00,219.7899932861328,224.1199951171875,219.7899932861328,223.8300018310547,64126500,222.6139373779297
2025-01-23 00:00:00-05:00,224.74000549316406,227.02999877929688,222.3000030517578,223.66000366210938,60234800,222.44483947753906
2025-01-24 00:00:00-05:00,224.77999877929688,225.6300048828125,221.41000366210938,222.77999877929688,54697900,221.5696258544922
2025-01-27 00:00:00-05:00,224.02000427246094,232.14999389648438,223.97999572753906,229.86000061035156,94863400,228.6111602783203
2025-01-28 00:00:00-05:00,230.85000610351562,240.19000244140625,230.80999755859375,238.25999450683594,75707600,236.9655303955078
2025-01-29 00:00:00-05:00,234.1199951171875,239.86000061035156,234.00999450683594,239.36000061035156,45486100,238.05953979492188
2025-01-30 00:00:00-05:00,238.6699981689453,240.7899932861328,237.2100067138672,237.58999633789062,55658300,236.29916381835938
2025-01-31 00:00:00-05:00,247.19000244140625,247.19000244140625,233.44000244140625,236.0,100959800,234.71778869628906
2025-02-03 00:00:00-05:00,229.99000549316406,231.8300018310547,225.6999969482422,228.00999450683594,73063300,226.77120971679688
2025-02-04 00:00:00-05:00,227.25,233.1300048828125,226.64999389648438,232.8000030517578,45067300,231.5352020263672
2025-02-05 00:00:00-05:00,228.52999877929688,232.6699981689453,228.27000427246094,232.47000122070312,39620300,231.2069854736328
2025-02-06 00:00:00-05:00,231.2899932861328,233.8000030517578,230.42999267578125,233.22000122070312,29925300,231.9529266357422
2025-02-07 00:00:00-05:00,232.60000610351562,234.0,227.25999450683594,227.6300048828125,39707200,226.39328002929688
2025-02-10 00:00:00-05:00,229.57000732421875,230.58999633789062,227.1999969482422,227.64999389648438,33115600,226.662109375
2025-02-11 00:00:00-05:00,228.1999969482422,235.22999572753906,228.1300048828125,232.6199951171875,53718400,231.6105194091797
2025-02-12 00:00:00-05:00,231.1999969482422,236.9600067138672,230.67999267578125,236.8699951171875,45243300,235.84210205078125
2025-02-13 00:00:00-05:00,236.91000366210938,242.33999633789062,235.57000732421875,241.52999877929688,53614100,240.4818878173828
2025-02-14 00:00:00-05:00,241.25,245.5500030517578,240.99000549316406,244.60000610351562,40896200,243.53855895996094
2025-02-18 00:00:00-05:00,244.14999389648438,245.17999267578125,241.83999633789062,244.47000122070312,48822500,243.40911865234375
2025-02-19 00:00:00-05:00,244.66000366210938,246.00999450683594,243.16000366210938,244.8699951171875,32204200,243.80738830566406
2025-02-20 00:00:00-05:00,244.94000244140625,246.77999877929688,244.2899932861328,245.8300018310547,32316900,244.7632293701172
2025-02-21 00:00:00-05:00,245.9499969482422,248.69000244140625,245.22000122070312,245.5500030517578,53197400,244.4844207763672
2025-02-24 00:00:00-05:00,244.92999267578125,248.86000061035156,244.4199981689453,247.10000610351562,51326400,246.02769470214844
2025-02-25 00:00:00-05:00,248.0,250.0,244.91000366210938,247.0399932861328,48013300,245.96795654296875
2025-02-26 00:00:00-05:00,244.3300018310547,244.97999572753906,239.1300048828125,240.36000061035156,44433600,239.31695556640625
2025-02-27 00:00:00-05:00,239.41000366210938,242.4600067138672,237.05999755859375,237.3000030517578,41153600,236.27024841308594
2025-02-28 00:00:00-05:00,236.9499969482422,242.08999633789062,230.1999969482422,241.83999633789062,56833400,240.79052734375
2025-03-03 00:00:00-05:00,241.7899932861328,244.02999877929688,236.11000061035156,238.02999877929688,47184000,236.9970703125
2025-03-04 00:00:00-05:00,237.7100067138672,240.07000732421875,234.67999267578125,235.92999267578125,53798100,234.9061737060547
2025-03-05 00:00:00-05:00,235.4199981689453,236.5500030517578,229.22999572753906,235.74000549316406,47227600,234.71701049804688
2025-03-06 00:00:00-05:00,234.44000244140625,237.86000061035156,233.16000366210938,235.3300018310547,45170400,234.30877685546875
2025-03-07 00:00:00-05:00,235.11000061035156,241.3699951171875,234.75999450683594,239.07000732421875,46273600,238.0325469970703
2025-03-10 00:00:00-04:00,235.5399932861328,236.16000366210938,224.22000122070312,227.47999572753906,72071200,226.4928436279297
2025-03-11 00:00:00-04:00,223.80999755859375,225.83999633789062,217.4499969482422,220.83999633789062,76137400,219.88165283203125
2025-03-12 00:00:00-04:00,220.13999938964844,221.75,214.91000366210938,216.97999572753906,62547500,216.03842163085938
2025-03-13 00:00:00-04:00,215.9499969482422,216.83999633789062,208.4199981689453,209.67999267578125,61368300,208.77008056640625
2025-03-14 00:00:00-04:00,211.25,213.9499969482422,209.5800018310547,213.49000549316406,60107600,212.5635528564453
2025-03-17 00:00:00-04:00,213.30999755859375,215.22000122070312,209.97000122070312,214.0,48073400,213.07135009765625
2025-03-18 00:00:00-04:00,214.16000366210938,215.14999389648438,211.49000549316406,212.69000244140625,42432400,211.76702880859375
2025-03-19 00:00:00-04:00,214.22000122070312,218.75999450683594,213.75,215.24000549316406,54385400,214.3059539794922
2025-03-20 00:00:00-04:00,213.99000549316406,217.49000549316406,212.22000122070312,214.10000610351562,48862900,213.17091369628906
2025-03-21 00:00:00-04:00,211.55999755859375,218.83999633789062,211.27999877929688,218.27000427246094,94127800,217.32281494140625
2025-03-24 00:00:00-04:00,221.0,221.47999572753906,218.5800018310547,220.72999572753906,44299500,219.77215576171875
2025-03-25 00:00:00-04:00,220.77000427246094,224.10000610351562,220.0800018310547,223.75,34493600,222.77902221679688
2025-03-26 00:00:00-04:00,223.50999450683594,225.02000427246094,220.47000122070312,221.52999877929688,34466100,220.56866455078125
2025-03-27 00:00:00-04:00,221.38999938964844,224.99000549316406,220.55999755859375,223.85000610351562,37094800,222.8786163330078
2025-03-28 00:00:00-04:00,221.6699981689453,223.80999755859375,217.67999267578125,217.89999389648438,39818600,216.9544219970703
2025-03-31 00:00:00-04:00,217.00999450683594,225.6199951171875,216.22999572753906,222.1300048828125,65299300,221.16607666015625
2025-04-01 00:00:00-04:00,219.80999755859375,223.67999267578125,218.89999389648438,223.19000244140625,36412700,222.22146606445312
2025-04-02 00:00:00-04:00,221.32000732421875,225.19000244140625,221.02000427246094,223.88999938964844,35905900,222.9184112548828
2025-04-03 00:00:00-04:00,205.5399932861328,207.49000549316406,201.25,203.19000244140625,103419000,202.30824279785156
2025-04-04 00:00:00-04:00,193.88999938964844,199.8800048828125,187.33999633789062,188.3800048828125,125910900,187.56253051757812
2025-04-07 00:00:00-04:00,177.1999969482422,194.14999389648438,174.6199951171875,181.4600067138672,160466300,180.6725616455078
2025-04-08 00:00:00-04:00,186.6999969482422,190.33999633789062,169.2100067138672,172.4199981689453,120859500,171.67176818847656
2025-04-09 00:00:00-04:00,171.9499969482422,200.61000061035156,171.88999938964844,198.85000610351562,184395900,197.98709106445312
2025-04-10 00:00:00-04:00,189.07000732421875,194.77999877929688,183.0,190.4199981689453,121880000,189.59365844726562
2025-04-11 00:00:00-04:00,186.10000610351562,199.5399932861328,186.05999755859375,198.14999389648438,87435900,197.29013061523438
2025-04-14 00:00:00-04:00,211.44000244140625,212.94000244140625,201.16000366210938,202.52000427246094,101352900,201.6411590576172
2025-04-15 00:00:00-04:00,201.86000061035156,203.50999450683594,199.8000030517578,202.13999938964844,51343900,201.26280212402344
2025-04-16 00:00:00-04:00,198.36000061035156,200.6999969482422,192.3699951171875,194.27000427246094,59732400,193.42697143554688
2025-04-17 00:00:00-04:00,197.1999969482422,198.8300018310547,194.4199981689453,196.97999572753906,52164700,196.1251983642578
2025-04-21 00:00:00-04:00,193.27000427246094,193.8000030517578,189.80999755859375,193.16000366210938,46742500,192.32179260253906
2025-04-22 00:00:00-04:00,196.1199951171875,201.58999633789062,195.97000122070312,199.74000549316406,52976400,198.8732452392578
2025-04-23 00:00:00-04:00,206.0,208.0,202.8000030517578,204.60000610351562,52929200,203.71214294433594
2025-04-24 00:00:00-04:00,204.88999938964844,208.8300018310547,202.94000244140625,208.3699951171875,47311000,207.46575927734375
2025-04-25 00:00:00-04:00,206.3699951171875,209.75,206.1999969482422,209.27999877929688,38222300,208.371826171875
2025-04-28 00:00:00-04:00,210.0,211.5,207.4600067138672,210.13999938964844,38743100,209.2281036376953
2025-04-29 00:00:00-04:00,208.69000244140625,212.24000549316406,208.3699951171875,211.2100067138672,36827600,210.29344177246094
2025-04-30 00:00:00-04:00,209.3000030517578,213.5800018310547,206.6699981689453,212.5,52286500,211.57786560058594
2025-05-01 00:00:00-04:00,209.0800018310547,214.55999755859375,208.89999389648438,213.32000732421875,57365700,212.39431762695312
2025-05-02 00:00:00-04:00,206.08999633789062,206.99000549316406,202.16000366210938,205.35000610351562,101010600,204.45889282226562
2025-05-05 00:00:00-04:00,203.10000610351562,204.10000610351562,198.2100067138672,198.88999938964844,69018500,198.02691650390625
2025-05-06 00:00:00-04:00,198.2100067138672,200.64999389648438,197.02000427246094,198.50999450683594,51216500,197.6485595703125
2025-05-07 00:00:00-04:00,199.1699981689453,199.44000244140625,193.25,196.25,68536700,195.39837646484375
2025-05-08 00:00:00-04:00,197.72000122070312,200.0500030517578,194.67999267578125,197.49000549316406,50478900,196.63299560546875
2025-05-09 00:00:00-04:00,199.0,200.5399932861328,197.5399932861328,198.52999877929688,36453900,197.66847229003906
2025-05-12 00:00:00-04:00,210.97000122070312,211.27000427246094,206.75,210.7899932861328,63775800,210.15048217773438
2025-05-13 00:00:00-04:00,210.42999267578125,213.39999389648438,209.0,212.92999267578125,51909300,212.2840118408203
2025-05-14 00:00:00-04:00,212.42999267578125,213.94000244140625,210.5800018310547,212.3300018310547,49325800,211.68582153320312
2025-05-15 00:00:00-04:00,210.9499969482422,212.9600067138672,209.5399932861328,211.4499969482422,45029500,210.8084716796875
2025-05-16 00:00:00-04:00,212.36000061035156,212.57000732421875,209.77000427246094,211.25999450683594,54737900,210.6190643310547
2025-05-19 00:00:00-04:00,207.91000366210938,209.47999572753906,204.25999450683594,208.77999877929688,46140500,208.14659118652344
2025-05-20 00:00:00-04:00,207.6699981689453,208.47000122070312,205.02999877929688,206.86000061035156,42496600,206.232421875
2025-05-21 00:00:00-04:00,205.1699981689453,207.0399932861328,200.7100067138672,202.08999633789062,59211800,201.4768829345703
2025-05-22 00:00:00-04:00,200.7100067138672,202.75,199.6999969482422,201.36000061035156,46742400,200.7490997314453
2025-05-23 00:00:00-04:00,193.6699981689453,197.6999969482422,193.4600067138672,195.27000427246094,78432900,194.67758178710938
2025-05-27 00:00:00-04:00,198.3000030517578,200.74000549316406,197.42999267578125,200.2100067138672,56288500,199.60260009765625
2025-05-28 00:00:00-04:00,200.58999633789062,202.72999572753906,199.89999389648438,200.4199981689453,45339700,199.81195068359375
2025-05-29 00:00:00-04:00,203.5800018310547,203.80999755859375,198.50999450683594,199.9499969482422,51396800,199.3433837890625
2025-05-30 00:00:00-04:00,199.3699951171875,201.9600067138672,196.77999877929688,200.85000610351562,70819900,200.24066162109375
2025-06-02 00:00:00-04:00,200.27999877929688,202.1300048828125,200.1199951171875,201.6999969482422,35423300,201.08807373046875
2025-06-03 00:00:00-04:00,201.35000610351562,203.77000427246094,200.9600067138672,203.27000427246094,46381600,202.6533203125
2025-06-04 00:00:00-04:00,202.91000366210938,206.24000549316406,202.10000610351562,202.82000732421875,43604000,202.20468139648438
2025-06-05 00:00:00-04:00,203.5,204.75,200.14999389648438,200.6300048828125,55126100,200.02133178710938
2025-06-06 00:00:00-04:00,203.0,205.6999969482422,202.0500030517578,203.9199981689453,46607700,203.30133056640625
2025-06-09 00:00:00-04:00,204.38999938964844,206.0,200.02000427246094,201.4499969482422,72862600,200.83883666992188
2025-06-10 00:00:00-04:00,200.60000610351562,204.35000610351562,200.57000732421875,202.6699981689453,54672600,202.05511474609375
2025-06-11 00:00:00-04:00,203.5,204.5,198.41000366210938,198.77999877929688,60989900,198.17694091796875
2025-06-12 00:00:00-04:00,199.0800018310547,199.67999267578125,197.36000061035156,199.1999969482422,43904600,198.5956573486328
2025-06-13 00:00:00-04:00,199.72999572753906,200.3699951171875,195.6999969482422,196.4499969482422,51447300,195.85398864746094
2025-06-16 00:00:00-04:00,197.3000030517578,198.69000244140625,196.55999755859375,198.4199981689453,43020700,197.8180389404297
2025-06-17 00:00:00-04:00,197.1999969482422,198.38999938964844,195.2100067138672,195.63999938964844,38856200,195.0464630126953
2025-06-18 00:00:00-04:00,195.94000244140625,197.57000732421875,195.07000732421875,196.5800018310547,45394700,195.9835968017578
2025-06-20 00:00:00-04:00,198.24000549316406,201.6999969482422,196.86000061035156,201.0,96813500,200.39019775390625
2025-06-23 00:00:00-04:00,201.6300048828125,202.3000030517578,198.9600067138672,201.5,55814300,200.888671875
2025-06-24 00:00:00-04:00,202.58999633789062,203.44000244140625,200.1999969482422,200.3000030517578,54064000,199.6923065185547
2025-06-25 00:00:00-04:00,201.4499969482422,203.6699981689453,200.6199951171875,201.55999755859375,39525700,200.94850158691406
2025-06-26 00:00:00-04:00,201.42999267578125,202.63999938964844,199.4600067138672,201.0,50799100,200.39019775390625
2025-06-27 00:00:00-04:00,201.88999938964844,203.22000122070312,200.0,201.0800018310547,73188600,200.46995544433594
2025-06-30 00:00:00-04:00,202.00999450683594,207.38999938964844,199.25999450683594,205.1699981689453,91912800,204.54754638671875
2025-07-01 00:00:00-04:00,206.6699981689453,210.19000244140625,206.13999938964844,207.82000732421875,78788900,207.18951416015625
2025-07-02 00:00:00-04:00,208.91000366210938,213.33999633789062,208.13999938964844,212.44000244140625,67941800,211.79550170898438
2025-07-03 00:00:00-04:00,212.14999389648438,214.64999389648438,211.80999755859375,213.5500030517578,34955800,212.90213012695312
2025-07-07 00:00:00-04:00,212.67999267578125,216.22999572753906,208.8000030517578,209.9499969482422,50229000,209.3130340576172
2025-07-08 00:00:00-04:00,210.10000610351562,211.42999267578125,208.4499969482422,210.00999450683594,42848900,209.3728485107422
2025-07-09 00:00:00-04:00,209.52999877929688,211.3300018310547,207.22000122070312,211.13999938964844,48749400,210.49942016601562
2025-07-10 00:00:00-04:00,210.50999450683594,213.47999572753906,210.02999877929688,212.41000366210938,44443600,211.7655792236328
2025-07-11 00:00:00-04:00,210.57000732421875,212.1300048828125,209.86000061035156,211.16000366210938,39765800,210.51937866210938
2025-07-14 00:00:00-04:00,209.92999267578125,210.91000366210938,207.5399932861328,208.6199951171875,38840100,207.98707580566406
2025-07-15 00:00:00-04:00,209.22000122070312,211.88999938964844,208.9199981689453,209.11000061035156,42296300,208.4755859375
2025-07-16 00:00:00-04:00,210.3000030517578,212.39999389648438,208.63999938964844,210.16000366210938,47490500,209.52239990234375
2025-07-17 00:00:00-04:00,210.57000732421875,211.8000030517578,209.58999633789062,210.02000427246094,48068100,209.38284301757812
2025-07-18 00:00:00-04:00,210.8699951171875,211.7899932861328,209.6999969482422,211.17999267578125,48974600,210.53929138183594
2025-07-21 00:00:00-04:00,212.10000610351562,215.77999877929688,211.6300048828125,212.47999572753906,51377400,211.83535766601562
2025-07-22 00:00:00-04:00,213.13999938964844,214.9499969482422,212.22999572753906,214.39999389648438,46404100,213.74952697753906
2025-07-23 00:00:00-04:00,215.0,215.14999389648438,212.41000366210938,214.14999389648438,46989300,213.5002899169922
2025-07-24 00:00:00-04:00,213.89999389648438,215.69000244140625,213.52999877929688,213.75999450683594,46022600,213.11148071289062
2025-07-25 00:00:00-04:00,214.6999969482422,215.24000549316406,213.39999389648438,213.8800048828125,40268800,213.2311248779297
2025-07-28 00:00:00-04:00,214.02999877929688,214.85000610351562,213.05999755859375,214.0500030517578,37858000,213.40060424804688
2025-07-29 00:00:00-04:00,214.17999267578125,214.80999755859375,210.82000732421875,211.27000427246094,51411700,210.62904357910156
2025-07-30 00:00:00-04:00,211.89999389648438,212.38999938964844,207.72000122070312,209.0500030517578,45512500,208.415771484375
2025-07-31 00:00:00-04:00,208.49000549316406,209.83999633789062,207.16000366210938,207.57000732421875,80698400,206.9402618408203
2025-08-01 00:00:00-04:00,210.8699951171875,213.5800018310547,201.5,202.3800048828125,104434500,201.76602172851562
2025-08-04 00:00:00-04:00,204.50999450683594,207.8800048828125,201.67999267578125,203.35000610351562,75109300,202.7330780029297
2025-08-05 00:00:00-04:00,203.39999389648438,205.33999633789062,202.16000366210938,202.9199981689453,44155100,202.30438232421875
2025-08-06 00:00:00-04:00,205.6300048828125,215.3800048828125,205.58999633789062,213.25,108483100,212.60302734375
2025-08-07 00:00:00-04:00,218.8800048828125,220.85000610351562,216.5800018310547,220.02999877929688,90224800,219.3624725341797
2025-08-08 00:00:00-04:00,220.8300018310547,231.0,219.25,229.35000610351562,113854000,228.65420532226562
2025-08-11 00:00:00-04:00,227.9199981689453,229.55999755859375,224.75999450683594,227.17999267578125,61806100,226.74781799316406
2025-08-12 00:00:00-04:00,228.00999450683594,230.8000030517578,227.07000732421875,229.64999389648438,55626200,229.21310424804688
2025-08-13 00:00:00-04:00,231.07000732421875,235.0,230.42999267578125,233.3300018310547,69878500,232.88612365722656
2025-08-14 00:00:00-04:00,234.05999755859375,235.1199951171875,230.85000610351562,232.77999877929688,51916300,232.33717346191406
2025-08-15 00:00:00-04:00,234.0,234.27999877929688,229.33999633789062,231.58999633789062,56038700,231.1494140625
2025-08-18 00:00:00-04:00,231.6999969482422,233.1199951171875,230.11000061035156,230.88999938964844,37476200,230.45074462890625
2025-08-19 00:00:00-04:00,231.27999877929688,232.8699951171875,229.35000610351562,230.55999755859375,39402600,230.1213836669922
2025-08-20 00:00:00-04:00,229.97999572753906,230.47000122070312,225.77000427246094,226.00999450683594,42263900,225.5800323486328
2025-08-21 00:00:00-04:00,226.27000427246094,226.52000427246094,223.77999877929688,224.89999389648438,30621200,224.47213745117188
2025-08-22 00:00:00-04:00,226.1699981689453,229.08999633789062,225.41000366210938,227.75999450683594,42477800,227.3267059326172
2025-08-25 00:00:00-04:00,226.47999572753906,229.3000030517578,226.22999572753906,227.16000366210938,30983100,226.7278594970703
2025-08-26 00:00:00-04:00,226.8699951171875,229.49000549316406,224.69000244140625,229.30999755859375,54575100,228.87376403808594
2025-08-27 00:00:00-04:00,228.61000061035156,230.89999389648438,228.25999450683594,230.49000549316406,31259500,230.05152893066406
2025-08-28 00:00:00-04:00,230.82000732421875,233.41000366210938,229.33999633789062,232.55999755859375,38074700,232.11758422851562
2025-08-29 00:00:00-04:00,232.50999450683594,233.3800048828125,231.3699951171875,232.13999938964844,39418400,231.69837951660156
2025-09-02 00:00:00-04:00,229.25,230.85000610351562,226.97000122070312,229.72000122070312,44075600,229.28298950195312
2025-09-03 00:00:00-04:00,237.2100067138672,238.85000610351562,234.36000061035156,238.47000122070312,66427800,238.01634216308594
2025-09-04 00:00:00-04:00,238.4499969482422,239.89999389648438,236.74000549316406,239.77999877929688,47549400,239.3238525390625
2025-09-05 00:00:00-04:00,240.0,241.32000732421875,238.49000549316406,239.69000244140625,54870400,239.2340087890625
2025-09-08 00:00:00-04:00,239.3000030517578,240.14999389648438,236.33999633789062,237.8800048828125,48999500,237.42745971679688
2025-09-09 00:00:00-04:00,237.0,238.77999877929688,233.36000061035156,234.35000610351562,66313900,233.9041748046875
2025-09-10 00:00:00-04:00,232.19000244140625,232.4199981689453,225.9499969482422,226.7899932861328,83440800,226.35855102539062
2025-09-11 00:00:00-04:00,226.8800048828125,230.4499969482422,226.64999389648438,230.02999877929688,50208600,229.59239196777344
2025-09-12 00:00:00-04:00,229.22000122070312,234.50999450683594,229.02000427246094,234.07000732421875,55824200,233.62472534179688
2025-09-15 00:00:00-04:00,237.0,238.19000244140625,235.02999877929688,236.6999969482422,42699500,236.24969482421875
2025-09-16 00:00:00-04:00,237.17999267578125,241.22000122070312,236.32000732421875,238.14999389648438,63421100,237.6969451904297
2025-09-17 00:00:00-04:00,238.97000122070312,240.10000610351562,237.72999572753906,238.99000549316406,46508000,238.5353546142578
2025-09-18 00:00:00-04:00,239.97000122070312,241.1999969482422,236.64999389648438,237.8800048828125,44249600,237.42745971679688
2025-09-19 00:00:00-04:00,241.22999572753906,246.3000030517578,240.2100067138672,245.5,163741300,245.032958984375
2025-09-22 00:00:00-04:00,248.3000030517578,256.6400146484375,248.1199951171875,256.0799865722656,105517400,255.5928192138672
2025-09-23 00:00:00-04:00,255.8800048828125,257.3399963378906,253.5800018310547,254.42999267578125,60275200,253.9459686279297
2025-09-24 00:00:00-04:00,255.22000122070312,255.74000549316406,251.0399932861328,252.30999755859375,42303700,251.8300018310547
2025-09-25 00:00:00-04:00,253.2100067138672,257.1700134277344,251.7100067138672,256.8699951171875,55202100,256.3813171386719
2025-09-26 00:00:00-04:00,254.10000610351562,257.6000061035156,253.77999877929688,255.4600067138672,46076300,254.97401428222656
2025-09-29 00:00:00-04:00,254.55999755859375,255.0,253.00999450683594,254.42999267578125,40127700,253.9459686279297
2025-09-30 00:00:00-04:00,254.86000061035156,255.9199981689453,253.11000061035156,254.6300048828125,37704300,254.14559936523438
2025-10-01 00:00:00-04:00,255.0399932861328,258.7900085449219,254.92999267578125,255.4499969482422,48713900,254.9640350341797
2025-10-02 00:00:00-04:00,256.5799865722656,258.17999267578125,254.14999389648438,257.1300048828125,42630200,256.6408386230469
2025-10-03 00:00:00-04:00,254.6699981689453,259.239990234375,253.9499969482422,258.0199890136719,49155600,257.5291442871094
2025-10-06 00:00:00-04:00,257.989990234375,259.07000732421875,255.0500030517578,256.69000244140625,44664100,256.2016906738281
2025-10-07 00:00:00-04:00,256.80999755859375,257.3999938964844,255.42999267578125,256.4800109863281,31955800,255.99208068847656
2025-10-08 00:00:00-04:00,256.5199890136719,258.5199890136719,256.1099853515625,258.05999755859375,36496900,257.5690612792969
2025-10-09 00:00:00-04:00,257.80999755859375,258.0,253.13999938964844,254.0399932861328,38322000,253.55670166015625
2025-10-10 00:00:00-04:00,254.94000244140625,256.3800048828125,244.0,245.27000427246094,61999100,244.80340576171875
2025-10-13 00:00:00-04:00,249.3800048828125,249.69000244140625,245.55999755859375,247.66000366210938,38142900,247.18885803222656
2025-10-14 00:00:00-04:00,246.60000610351562,248.85000610351562,244.6999969482422,247.77000427246094,35478000,247.29864501953125
2025-10-15 00:00:00-04:00,249.49000549316406,251.82000732421875,247.47000122070312,249.33999633789062,33893600,248.8656463623047
2025-10-16 00:00:00-04:00,248.25,249.0399932861328,245.1300048828125,247.4499969482422,39777000,246.979248046875
2025-10-17 00:00:00-04:00,248.02000427246094,253.3800048828125,247.27000427246094,252.2899932861328,49147000,251.81002807617188
2025-10-20 00:00:00-04:00,255.88999938964844,264.3800048828125,255.6300048828125,262.239990234375,90483000,261.7411193847656
2025-10-21 00:00:00-04:00,261.8800048828125,265.2900085449219,261.8299865722656,262.7699890136719,46695900,262.2701110839844
2025-10-22 00:00:00-04:00,262.6499938964844,262.8500061035156,255.42999267578125,258.45001220703125,45015300,257.9583435058594
2025-10-23 00:00:00-04:00,259.94000244140625,260.6199951171875,258.010009765625,259.5799865722656,32754900,259.0861511230469
2025-10-24 00:00:00-04:00,261.19000244140625,264.1300048828125,259.17999267578125,262.82000732421875,38253700,262.32000732421875
2025-10-27 00:00:00-04:00,264.8800048828125,269.1199951171875,264.6499938964844,268.80999755859375,44888200,268.2986145019531
2025-10-28 00:00:00-04:00,268.989990234375,269.8900146484375,268.1499938964844,269.0,41534800,268.4882507324219
2025-10-29 00:00:00-04:00,269.2799987792969,271.4100036621094,267.1099853515625,269.70001220703125,51086700,269.1869201660156
2025-10-30 00:00:00-04:00,271.989990234375,274.1400146484375,268.4800109863281,271.3999938964844,69886500,270.8836669921875
2025-10-31 00:00:00-04:00,276.989990234375,277.32000732421875,269.1600036621094,270.3699951171875,86167100,269.85565185546875
2025-11-03 00:00:00-05:00,270.4200134277344,270.8500061035156,266.25,269.04998779296875,50194600,268.53814697265625
2025-11-04 00:00:00-05:00,268.3299865722656,271.489990234375,267.6199951171875,270.0400085449219,49274800,269.5262756347656
2025-11-05 00:00:00-05:00,268.6099853515625,271.70001220703125,266.92999267578125,270.1400146484375,43683100,269.6260986328125
2025-11-06 00:00:00-05:00,267.8900146484375,273.3999938964844,267.8900146484375,269.7699890136719,51204000,269.25677490234375
2025-11-07 00:00:00-05:00,269.79998779296875,272.2900085449219,266.7699890136719,268.4700012207031,48227400,267.9592590332031
2025-11-10 00:00:00-05:00,268.9599914550781,273.7300109863281,267.4599914550781,269.42999267578125,41312400,269.1781311035156
2025-11-11 00:00:00-05:00,269.80999755859375,275.9100036621094,269.79998779296875,275.25,46208300,274.99267578125
2025-11-12 00:00:00-05:00,275.0,275.7300109863281,271.70001220703125,273.4700012207031,48398000,273.21435546875
2025-11-13 00:00:00-05:00,274.1099853515625,276.70001220703125,272.0899963378906,272.95001220703125,49602800,272.6948547363281
2025-11-14 00:00:00-05:00,271.04998779296875,275.9599914550781,269.6000061035156,272.4100036621094,47431300,272.15533447265625
2025-11-17 00:00:00-05:00,268.82000732421875,270.489990234375,265.7300109863281,267.4599914550781,45018300,267.2099609375
2025-11-18 00:00:00-05:00,269.989990234375,270.7099914550781,265.32000732421875,267.44000244140625,45677300,267.19000244140625
2025-11-19 00:00:00-05:00,265.5299987792969,272.2099914550781,265.5,268.55999755859375,40424500,268.3089294433594
2025-11-20 00:00:00-05:00,270.8299865722656,275.42999267578125,265.9200134277344,266.25,45823600,266.0010986328125
2025-11-21 00:00:00-05:00,265.95001220703125,273.3299865722656,265.6700134277344,271.489990234375,59030800,271.2361755371094
2025-11-24 00:00:00-05:00,270.8999938964844,277.0,270.8999938964844,275.9200134277344,65585800,275.6620788574219
2025-11-25 00:00:00-05:00,275.2699890136719,280.3800048828125,275.25,276.9700012207031,46914200,276.7110900878906
2025-11-26 00:00:00-05:00,276.9599914550781,279.5299987792969,276.6300048828125,277.54998779296875,33431400,277.29052734375
2025-11-28 00:00:00-05:00,277.260009765625,279.0,275.989990234375,278.8500061035156,20135600,278.5893249511719
2025-12-01 00:00:00-05:00,278.010009765625,283.4200134277344,276.1400146484375,283.1000061035156,46587700,282.8353576660156
2025-12-02 00:00:00-05:00,283.0,287.3999938964844,282.6300048828125,286.19000244140625,53669500,285.9224548339844
2025-12-03 00:00:00-05:00,286.20001220703125,288.6199951171875,283.29998779296875,284.1499938964844,43538700,283.8843688964844
2025-12-04 00:00:00-05:00,284.1000061035156,284.7300109863281,278.5899963378906,280.70001220703125,43989100,280.4375915527344
2025-12-05 00:00:00-05:00,280.5400085449219,281.1400146484375,278.04998779296875,278.7799987792969,47265800,278.5193786621094
2025-12-08 00:00:00-05:00,278.1300048828125,279.6700134277344,276.1499938964844,277.8900146484375,38211800,277.6302185058594
2025-12-09 00:00:00-05:00,278.1600036621094,280.0299987792969,276.9200134277344,277.17999267578125,32193300,276.9208679199219
2025-12-10 00:00:00-05:00,277.75,279.75,276.44000244140625,278.7799987792969,33038300,278.5193786621094
2025-12-11 00:00:00-05:00,279.1000061035156,279.5899963378906,273.80999755859375,278.0299987792969,33248000,277.77008056640625
2025-12-12 00:00:00-05:00,277.8999938964844,279.2200012207031,276.82000732421875,278.2799987792969,39532900,278.0198669433594
2025-12-15 00:00:00-05:00,280.1499938964844,280.1499938964844,272.8399963378906,274.1099853515625,50409100,273.8537292480469
2025-12-16 00:00:00-05:00,272.82000732421875,275.5,271.7900085449219,274.6099853515625,37648600,274.353271484375
2025-12-17 00:00:00-05:00,275.010009765625,276.1600036621094,271.6400146484375,271.8399963378906,50138700,271.58587646484375
2025-12-18 00:00:00-05:00,273.6099853515625,273.6300048828125,266.95001220703125,272.19000244140625,51630700,271.935546875
2025-12-19 00:00:00-05:00,272.1499938964844,274.6000061035156,269.8999938964844,273.6700134277344,144632000,273.4141845703125
2025-12-22 00:00:00-05:00,272.8599853515625,273.8800048828125,270.510009765625,270.9700012207031,36571800,270.7166748046875
2025-12-23 00:00:00-05:00,270.8399963378906,272.5,269.55999755859375,272.3599853515625,29642000,272.1053771972656
2025-12-24 00:00:00-05:00,272.3399963378906,275.42999267578125,272.20001220703125,273.80999755859375,17910600,273.55401611328125
2025-12-26 00:00:00-05:00,274.1600036621094,275.3699951171875,272.8599853515625,273.3999938964844,21521800,273.1444091796875
2025-12-29 00:00:00-05:00,272.69000244140625,274.3599853515625,272.3500061035156,273.760009765625,23715200,273.50408935546875
2025-12-30 00:00:00-05:00,272.80999755859375,274.0799865722656,272.2799987792969,273.0799865722656,22139600,272.82470703125
2025-12-31 00:00:00-05:00,273.05999755859375,273.67999267578125,271.75,271.8599853515625,27293600,271.6058349609375
2026-01-02 00:00:00-05:00,272.260009765625,277.8399963378906,269.0,271.010009765625,37838100,270.75665283203125
2026-01-05 00:00:00-05:00,270.6400146484375,271.510009765625,266.1400146484375,267.260009765625,45647200,267.0101623535156
2026-01-06 00:00:00-05:00,267.0,267.54998779296875,262.1199951171875,262.3599853515625,52352100,262.1147155761719
2026-01-07 00:00:00-05:00,263.20001220703125,263.67999267578125,259.80999755859375,260.3299865722656,48309800,260.08660888671875
2026-01-08 00:00:00-05:00,257.0199890136719,259.2900085449219,255.6999969482422,259.0400085449219,50419300,258.7978515625
2026-01-09 00:00:00-05:00,259.0799865722656,260.2099914550781,256.2200012207031,259.3699951171875,39997000,259.1275329589844
2026-01-12 00:00:00-05:00,259.1600036621094,261.29998779296875,256.79998779296875,260.25,45263800,260.0067138671875
2026-01-13 00:00:00-05:00,258.7200012207031,261.80999755859375,258.3900146484375,261.04998779296875,45730800,260.8059387207031
2026-01-14 00:00:00-05:00,259.489990234375,261.82000732421875,256.7099914550781,259.9599914550781,40019400,259.71697998046875
2026-01-15 00:00:00-05:00,260.6499938964844,261.0400085449219,257.04998779296875,258.2099914550781,39388600,257.9685974121094
2026-01-16 00:00:00-05:00,257.8999938964844,258.8999938964844,254.92999267578125,255.52999877929688,72142800,255.29112243652344
2026-01-20 00:00:00-05:00,252.72999572753906,254.7899932861328,243.4199981689453,246.6999969482422,80267500,246.46937561035156
2026-01-21 00:00:00-05:00,248.6999969482422,251.55999755859375,245.17999267578125,247.64999389648438,54641700,247.41848754882812
2026-01-22 00:00:00-05:00,249.1999969482422,251.0,248.14999389648438,248.35000610351562,39708300,248.1178436279297
2026-01-23 00:00:00-05:00,247.32000732421875,249.41000366210938,244.67999267578125,248.0399932861328,41689000,247.80812072753906
2026-01-26 00:00:00-05:00,251.47999572753906,256.55999755859375,249.8000030517578,255.41000366210938,55969200,255.17123413085938
2026-01-27 00:00:00-05:00,259.1700134277344,261.95001220703125,258.2099914550781,258.2699890136719,49648300,258.0285339355469
2026-01-28 00:00:00-05:00,257.6499938964844,258.8599853515625,254.50999450683594,256.44000244140625,41288000,256.2002868652344
2026-01-29 00:00:00-05:00,258.0,259.6499938964844,254.41000366210938,258.2799987792969,67253000,258.0385437011719
2026-01-30 00:00:00-05:00,255.1699981689453,261.8999938964844,252.17999267578125,259.4800109863281,92443400,259.2374267578125
2026-02-02 00:00:00-05:00,260.0299987792969,270.489990234375,259.2099914550781,270.010009765625,73913400,269.7575988769531
2026-02-03 00:00:00-05:00,269.20001220703125,271.8800048828125,267.6099853515625,269.4800109863281,64394700,269.22808837890625
2026-02-04 00:00:00-05:00,272.2900085449219,278.95001220703125,272.2900085449219,276.489990234375,90545700,276.23150634765625
2026-02-05 00:00:00-05:00,278.1300048828125,279.5,273.2300109863281,275.9100036621094,52977400,275.6520690917969
2026-02-06 00:00:00-05:00,277.1199951171875,280.9100036621094,276.92999267578125,278.1199951171875,50453400,277.8599853515625
2026-02-09 00:00:00-05:00,277.9100036621094,278.20001220703125,271.70001220703125,274.6199951171875,44623400,274.6199951171875
2026-02-10 00:00:00-05:00,274.8900146484375,275.3699951171875,272.94000244140625,273.67999267578125,34376900,273.67999267578125
2026-02-11 00:00:00-05:00,274.70001220703125,280.17999267578125,274.45001220703125,275.5,51931300,275.5
2026-02-12 00:00:00-05:00,275.5899963378906,275.7200012207031,260.17999267578125,261.7300109863281,81077200,261.7300109863281
2026-02-13 00:00:00-05:00,262.010009765625,262.2300109863281,255.4499969482422,255.77999877929688,56290700,255.77999877929688
2026-02-17 00:00:00-05:00,258.04998779296875,266.2900085449219,255.5399932861328,263.8800048828125,58469100,263.8800048828125
2026-02-18 00:00:00-05:00,263.6000061035156,266.82000732421875,262.45001220703125,264.3500061035156,34129600,264.3500061035156
